sequence_type,split_sequence,sequence_id
severe,"['TATGAGCGCGGAGGCGGA', 'AGTAACCGCGGGGGCGGG', 'AGTAACCGCGGAGGCGGA', 'AGTGACCGCGGAGAT', 'AGTGACCGCGGAGAC', 'CGTGAAGGCGGAGAC', 'AGTGACCGCGGAGGCGGA', 'AGTGACCGCGGAGAC', 'AGTGACCGCGGAGAC', 'AGTGACCGCGGAGAC', 'TATGAGCGCGGAGGCGGG', 'AGTAACCGCGGGGGCGGA', 'CGTGACAATAAGCGCGGA', 'AGTAACCGCGGGGGCGGA', 'TATGAGCGCGGAGGCGGA', 'AGTGACCGCGGAGAT', 'CGTGACCGCGGAGAC', 'AGTAACCGCGGGGGCGGG', 'AGTGACCGCGGAGAC', 'AGTAACCGCGGGGGCGGA', 'AGTGACCGCGGAGAC', 'TATGAGCGCGGAGGCGGG', 'CGTGAAGGCGGAGAC', 'TATGAGCGCGGAGGCGGA', 'AGTAACCGCGGAGGCGGA', 'AGTAACCGCGGGGGCGGG', 'AGTGACCGCGGAGGCGGA']",seq_0
random_motif,"['AGTAACCGCGGGGGCGGG', 'AGTGACCGCGGAGAG', 'CGTGACCGCGGAGAC', 'AGTAACCGCGGAGGCGGG', 'CGTGAAGGCGGAGAC', 'CGTGACCGCGGAGGCGGA', 'AGTGACCGCGGAGAT', 'CGTGACCGCGGAGGCGGA', 'AGTGACCGCGGAGAG', 'CGTGACCGCGGAGAG', 'AGTGACCGCGGAGAG', 'CGTGACAATAAGCGCGGA', 'AGTAACCGCGGGGGCGGG', 'AGTAACCGCGGAGGCGGG', 'TATGAGCGCGGAGGCGGA', 'TATGAACGCGGAGGCGGA', 'CGTGACAATAAGCGCGGA', 'CGTGACCGCGGAGAG', 'CGTGACCGCGGAGAG', 'TATGAACGCGGAGGCGGA', 'CGTGACCGCGGAGAC', 'AGTAACCGCGGAGGCGGG', 'TATGAGCGCGGAGGCGGA', 'AGTGACCGCGGAGGCGGG', 'TATGAACGCGGAGGCGGA', 'AGTAACCGCGGGGGCGGG', 'AGTGACCGCGGAGAT', 'TATGAGCGCGGAGGCGGG', 'TATGAGCGCGGAGGCGGG', 'AGTAACCGCGGAGGCGGG']",seq_1
real,"['TATGAGCGCGGAGGCGGA', 'AGTGACCGCGGAGGCGGA', 'CGTGACAATAAGCGCGGA', 'AGTAACCGCGGAGGCGGA', 'AGTGACCGCGGAGAT', 'TATGAGCGCGGAGGCGGA', 'AGTAACCGCGGAGGCGGA', 'CGTGAAGGCGGAGAC', 'TATGAGCGCGGAGGCGGA', 'AGTAACCGCGGAGGCGGG', 'CGTGACCGCGGAGAC', 'TATGAGCGCGGAGGCGGA', 'AGTAACCGCGGAGGCGGG', 'CGTGACCGCGGAGAC', 'TATGAGCGCGGAGGCGGA', 'AGTAACCGCGGGGGCGGA', 'AGTGACCGCGGAGAG', 'TATGAGCGCGGAGGCGGA', 'AGTAACCGCGGAGGCGGA', 'AGTGACCGCGGAGAT', 'TATGAGCGCGGAGGCGGA', 'AGTAACCGCGGAGGCGGG', 'CGTGACCGCGGAGAC', 'TATGAGCGCGGAGGCGGG']",seq_2
random_motif,"['CGTGAAGGCGGAGAC', 'TATGAACGCGGAGGCGGA', 'AGTGACCGCGGAGAT', 'CGTGACCGCGGAGAG', 'AGTGACCGCGGAGAG', 'AGTGACCGCGGAGGCGGA', 'CGTGACCGCGGAGGCGGA', 'AGTGACCGCGGAGAT', 'TATGAACGCGGAGGCGGA', 'CGTGACCGCGGAGAC', 'AGTAACCGCGGAGGCGGG', 'AGTGACCGCGGAGAG', 'TATGAACGCGGAGGCGGA', 'AGTGACCGCGGAGAC', 'TATGAGCGCGGAGGCGGA', 'AGTAACCGCGGGGGCGGG', 'CGTGACAATAAGCGCGGA', 'CGTGACAATAAGCGCGGA', 'AGTGACCGCGGAGGCGGA', 'CGTGACCGCGGAGGCGGA', 'AGTGACCGCGGAGAT', 'CGTGAAGGCGGAGAC', 'AGTGACCGCGGAGAC']",seq_3
severe,"['TATGAACGCGGAGGCGGA', 'AGTAACCGCGGAGGCGGG', 'AGTGACCGCGGAGAG', 'TATGAGCGCGGAGGCGGG', 'CGTGACGATCAGCGCGGA', 'CGTGAAGGCGGAGAC', 'TATGAGCGCGGAGGCGGA', 'AGTAACCGCGGAGGCGGA', 'AGTGACCGCGGAGAT', 'TATGAACGCGGAGGCGGA', 'AGTGACCGCGGAGGCGGG', 'CGTGACCGCGGAGGCGGA', 'AGTGACCGCGGAGAG', 'TATGAACGCGGAGGCGGA']",seq_4
severe,"['TATGAGCGCGGAGGCGGG', 'CGTGACCGCGGAGGCGGA', 'AGTAACCGCGGAGGCGGA', 'AGTGACCGCGGAGAG', 'TATGAACGCGGAGGCGGA', 'CGTGACGATCAGCGCGGA', 'AGTAACCGCGGAGGCGGA', 'AGTGACCGCGGAGAT', 'TATGAGCGCGGAGGCGGG', 'AGTGACCGCGGAGGCGGG', 'CGTGACAATAAGCGCGGA', 'AGTGACCGCGGAGAT', 'TATGAACGCGGAGGCGGA']",seq_5
block_based,"['TATGAACGCGGAGGCGGA', 'AGTAACCGCGGAGGCGGA', 'AGTGACCGCGGAGGCGGA', 'AGTGACCGCGGAGAG', 'TATGAACGCGGAGGCGGA', 'CGTGACAATAAGCGCGGA', 'AGTAACCGCGGAGGCGGA', 'AGTAACCGCGGAGGCGGA', 'CGTGAAGGCGGAGAC', 'TATGAACGCGGAGGCGGA', 'CGTGACAATAAGCGCGGA', 'AGTGACCGCGGAGGCGGG', 'AGTGACCGCGGAGAT', 'TATGAGCGCGGAGGCGGA', 'AGTGACCGCGGAGGCGGG', 'CGTGACGATCAGCGCGGA', 'AGTGACCGCGGAGAG', 'TATGAGCGCGGAGGCGGG']",seq_6
hybrid,"['TATGAGCGCGGAGGCGGA', 'AGTGACCGCGGAGGCGGA', 'CGTGACCGCGGAGAC', 'TATGAACGCGGAGGCGGA', 'AGTAACCGCGGAGGCGGA', 'CGTGACCGCGGAGAG', 'TATGAGCGCGGAGGCGGA', 'AGTAACCGCGGAGGCGGA', 'TATGAACGCGGAGGCGGA', 'AGTAACCGCGGAGGCGGA', 'AGTAACCGCGGAGGCGGA', 'CGTGACCGCGGAGAC', 'TATGAGCGCGGAGGCGGA', 'AGTAACCGCGGGGGCGGA', 'AGTGACCGCGGAGAC', 'TATGAGCGCGGAGGCGGA', 'AGTAACCGCGGAGGCGGA', 'AGTAACCGCGGAGGCGGA', 'AGTGACCGCGGAGAC', 'TATGAGCGCGGAGGCGGA', 'AGTAACCGCGGAGGCGGA', 'AGTAACCGCGGAGGCGGA', 'CGTGAAGGCGGAGAC', 'TATGAGCGCGGAGGCGGA', 'AGTAACCGCGGAGGCGGG']",seq_7
hybrid,"['TATGAGCGCGGAGGCGGA', 'AGTGACCGCGGAGGCGGG', 'CGTGACCGCGGAGAC', 'TATGAACGCGGAGGCGGA', 'AGTAACCGCGGAGGCGGA', 'AGTAACCGCGGAGGCGGA', 'AGTAACCGCGGAGGCGGA', 'CGTGACCGCGGAGAC', 'TATGAGCGCGGAGGCGGA', 'AGTAACCGCGGGGGCGGA', 'AGTGACCGCGGAGAC', 'TATGAGCGCGGAGGCGGA', 'AGTAACCGCGGAGGCGGA', 'AGTGACCGCGGAGAC', 'TATGAGCGCGGAGGCGGA', 'AGTAACCGCGGAGGCGGA', 'AGTGACCGCGGAGAC', 'TATGAGCGCGGAGGCGGA', 'AGTAACCGCGGAGGCGGG', 'CGTGACCGCGGAGAC', 'TATGAGCGCGGAGGCGGG']",seq_8
hybrid,"['TATGAGCGCGGAGGCGGA', 'AGTGACCGCGGAGGCGGG', 'CGTGACCGCGGAGAC', 'TATGAACGCGGAGGCGGA', 'AGTAACCGCGGAGGCGGA', 'AGTAACCGCGGAGGCGGA', 'TATGAGCGCGGAGGCGGA', 'AGTGACCGCGGAGGCGGA', 'AGTGACCGCGGAGGCGGA', 'CGTGACCGCGGAGAC', 'TATGAACGCGGAGGCGGA', 'AGTAACCGCGGAGGCGGA', 'AGTAACCGCGGAGGCGGA', 'CGTGACCGCGGAGAC', 'TATGAGCGCGGAGGCGGA', 'AGTAACCGCGGGGGCGGA', 'AGTGACCGCGGAGAC', 'TATGAGCGCGGAGGCGGA', 'AGTAACCGCGGAGGCGGA', 'AGTGACCGCGGAGAT', 'TATGAGCGCGGAGGCGGA', 'AGTAACCGCGGAGGCGGG', 'CGTGACCGCGGAGGCGGA', 'CGTGAAGGCGGAGAC', 'TATGAGCGCGGAGGCGGA', 'AGTAACCGCGGAGGCGGG', 'CGTGACCGCGGAGAC', 'TATGAGCGCGGAGGCGGG']",seq_9
real,"['TATGAGCGCGGAGGCGGA', 'AGTGACCGCGGAGGCGGA', 'CGTGACAATAAGCGCGGA', 'AGTGACCGCGGAGAC', 'TATGAGCGCGGAGGCGGA', 'AGTGACCGCGGAGGCGGA', 'AGTAACCGCGGGGGCGGA', 'AGTGACCGCGGAGAC', 'TATGAGCGCGGAGGCGGA', 'AGTAACCGCGGGGGCGGA', 'AGTAACCGCGGAGGCGGA', 'AGTGACCGCGGAGAC', 'TATGAGCGCGGAGGCGGA', 'AGTAACCGCGGGGGCGGA', 'AGTGACCGCGGAGAC', 'TATGAGCGCGGAGGCGGA', 'AGTAACCGCGGGGGCGGA', 'AGTAACCGCGGGGGCGGA', 'AGTAACCGCGGAGGCGGA', 'CGTGAAGGCGGAGAC', 'TATGAGCGCGGAGGCGGA', 'AGTAACCGCGGAGGCGGG', 'CGTGACCGCGGAGAC', 'TATGAGCGCGGAGGCGGG']",seq_10
real,"['TATGAGCGCGGAGGCGGA', 'AGTGACCGCGGAGGCGGA', 'CGTGACAATAAGCGCGGA', 'AGTAACCGCGGAGGCGGA', 'AGTGACCGCGGAGAT', 'TATGAGCGCGGAGGCGGA', 'AGTAACCGCGGAGGCGGA', 'CGTGAAGGCGGAGAC', 'TATGAGCGCGGAGGCGGA', 'AGTAACCGCGGAGGCGGG', 'CGTGACCGCGGAGAC', 'TATGAGCGCGGAGGCGGA', 'AGTAACCGCGGAGGCGGG', 'CGTGACCGCGGAGAC', 'TATGAGCGCGGAGGCGGA', 'AGTAACCGCGGGGGCGGA', 'AGTGACCGCGGAGAG', 'TATGAGCGCGGAGGCGGA', 'AGTAACCGCGGAGGCGGA', 'AGTGACCGCGGAGAT', 'TATGAGCGCGGAGGCGGA', 'AGTAACCGCGGAGGCGGG', 'CGTGACCGCGGAGAC', 'TATGAGCGCGGAGGCGGG']",seq_11
real,"['TATGAGCGCGGAGGCGGA', 'CGTGACAATAAGCGCGGA', 'AGTAACCGCGGAGGCGGG', 'CGTGACCGCGGAGAC', 'TATGAGCGCGGAGGCGGA', 'AGTGACCGCGGAGGCGGA', 'AGTGACCGCGGAGGCGGA', 'CGTGACCGCGGAGAC', 'TATGAACGCGGAGGCGGA', 'AGTAACCGCGGAGGCGGA', 'AGTAACCGCGGAGGCGGA', 'CGTGACCGCGGAGAC', 'TATGAGCGCGGAGGCGGA', 'AGTAACCGCGGGGGCGGA', 'AGTGACCGCGGAGAC', 'TATGAGCGCGGAGGCGGA', 'AGTAACCGCGGAGGCGGA', 'AGTGACCGCGGAGAT', 'TATGAGCGCGGAGGCGGA', 'AGTAACCGCGGAGGCGGG', 'CGTGACCGCGGAGGCGGA', 'CGTGAAGGCGGAGAC', 'TATGAGCGCGGAGGCGGA', 'AGTAACCGCGGAGGCGGG', 'CGTGACCGCGGAGAC', 'TATGAGCGCGGAGGCGGG']",seq_12
random_motif,"['AGTAACCGCGGGGGCGGA', 'CGTGACGATCAGCGCGGA', 'AGTGACCGCGGAGGCGGA', 'AGTGACCGCGGAGAC', 'AGTAACCGCGGGGGCGGA', 'TATGAACGCGGAGGCGGA', 'CGTGAAGGCGGAGAC', 'AGTAACCGCGGGGGCGGG', 'TATGAGCGCGGAGGCGGG', 'CGTGACCGCGGAGAC', 'AGTAACCGCGGGGGCGGG', 'AGTGACCGCGGAGAG', 'CGTGACCGCGGAGAC', 'AGTAACCGCGGAGGCGGG', 'AGTGACCGCGGAGAG', 'AGTAACCGCGGGGGCGGA', 'AGTAACCGCGGGGGCGGG', 'TATGAACGCGGAGGCGGA', 'CGTGACAATAAGCGCGGA', 'AGTGACCGCGGAGAG', 'TATGAACGCGGAGGCGGA', 'CGTGACGATCAGCGCGGA', 'AGTAACCGCGGGGGCGGG', 'CGTGAAGGCGGAGAC', 'CGTGACAATAAGCGCGGA', 'AGTGACCGCGGAGGCGGG']",seq_13
severe,"['TATGAGCGCGGAGGCGGA', 'AGTGACCGCGGAGGCGGA', 'AGTGACCGCGGAGGCGGA', 'AGTAACCGCGGGGGCGGG', 'CGTGACCGCGGAGGCGGA', 'CGTGACCGCGGAGAC', 'CGTGACCGCGGAGGCGGA', 'AGTAACCGCGGAGGCGGG', 'AGTGACCGCGGAGAC', 'AGTGACCGCGGAGGCGGA', 'TATGAGCGCGGAGGCGGA', 'AGTGACCGCGGAGAC']",seq_14
severe,"['AGTGACCGCGGAGAG', 'AGTGACCGCGGAGGCGGG', 'AGTGACCGCGGAGAC', 'TATGAGCGCGGAGGCGGG', 'TATGAGCGCGGAGGCGGG', 'TATGAACGCGGAGGCGGA', 'CGTGACCGCGGAGAG', 'TATGAACGCGGAGGCGGA']",seq_15
hybrid,"['TATGAGCGCGGAGGCGGA', 'AGTAACCGCGGAGGCGGA', 'CGTGACCGCGGAGAC', 'TATGAGCGCGGAGGCGGG']",seq_16
severe,"['TATGAGCGCGGAGGCGGA', 'AGTGACCGCGGAGGCGGA', 'CGTGACAATAAGCGCGGA', 'AGTGACCGCGGAGAC', 'TATGAGCGCGGAGGCGGA', 'AGTGACCGCGGAGGCGGA', 'AGTAACCGCGGGGGCGGA', 'AGTGACCGCGGAGAC', 'TATGAGCGCGGAGGCGGA', 'AGTAACCGCGGGGGCGGA', 'AGTAACCGCGGAGGCGGA', 'AGTGACCGCGGAGAC', 'TATGAGCGCGGAGGCGGA', 'AGTAACCGCGGGGGCGGA', 'AGTGACCGCGGAGAC', 'TATGAGCGCGGAGGCGGA', 'AGTAACCGCGGGGGCGGA', 'AGTAACCGCGGGGGCGGA', 'AGTAACCGCGGAGGCGGA', 'CGTGAAGGCGGAGAC', 'TATGAGCGCGGAGGCGGA', 'AGTAACCGCGGAGGCGGG', 'CGTGACCGCGGAGAC', 'TATGAGCGCGGAGGCGGG']",seq_17
real,"['TATGAGCGCGGAGGCGGA', 'CGTGACAATAAGCGCGGA', 'AGTAACCGCGGAGGCGGG', 'CGTGACCGCGGAGAC', 'TATGAGCGCGGAGGCGGA', 'AGTGACCGCGGAGGCGGA', 'AGTGACCGCGGAGGCGGA', 'CGTGACCGCGGAGAC', 'TATGAACGCGGAGGCGGA', 'AGTAACCGCGGAGGCGGA', 'AGTAACCGCGGAGGCGGA', 'CGTGACCGCGGAGAC', 'TATGAGCGCGGAGGCGGA', 'AGTAACCGCGGGGGCGGA', 'AGTGACCGCGGAGAC', 'TATGAGCGCGGAGGCGGA', 'AGTAACCGCGGAGGCGGA', 'AGTGACCGCGGAGAT', 'TATGAGCGCGGAGGCGGA', 'AGTAACCGCGGAGGCGGG', 'CGTGACCGCGGAGGCGGA', 'CGTGAAGGCGGAGAC', 'TATGAGCGCGGAGGCGGA', 'AGTAACCGCGGAGGCGGG', 'CGTGACCGCGGAGAC', 'TATGAGCGCGGAGGCGGG']",seq_18
random_motif,"['TATGAACGCGGAGGCGGA', 'CGTGACCGCGGAGAC', 'CGTGACCGCGGAGGCGGA', 'AGTAACCGCGGAGGCGGA', 'CGTGAAGGCGGAGAC', 'AGTGACCGCGGAGAC', 'AGTGACCGCGGAGAT', 'TATGAACGCGGAGGCGGA', 'CGTGACGATCAGCGCGGA', 'AGTAACCGCGGGGGCGGA', 'CGTGAAGGCGGAGAC', 'TATGAACGCGGAGGCGGA', 'CGTGAAGGCGGAGAC', 'TATGAACGCGGAGGCGGA', 'CGTGAAGGCGGAGAC', 'AGTGACCGCGGAGAC', 'TATGAGCGCGGAGGCGGG', 'AGTGACCGCGGAGGCGGA', 'CGTGACGATCAGCGCGGA', 'TATGAACGCGGAGGCGGA', 'AGTAACCGCGGAGGCGGG', 'AGTAACCGCGGGGGCGGG']",seq_19
full_random,['X'],seq_20
block_based,"['TATGAGCGCGGAGGCGGG', 'AGTGACCGCGGAGGCGGG', 'CGTGACGATCAGCGCGGA', 'AGTGACCGCGGAGAC', 'TATGAGCGCGGAGGCGGG', 'AGTGACCGCGGAGGCGGA', 'CGTGACCGCGGAGAG', 'TATGAGCGCGGAGGCGGA', 'AGTGACCGCGGAGGCGGA', 'CGTGACCGCGGAGAC', 'TATGAGCGCGGAGGCGGA', 'AGTAACCGCGGAGGCGGA', 'CGTGACCGCGGAGAC', 'TATGAACGCGGAGGCGGA']",seq_21
severe,"['TATGAACGCGGAGGCGGA', 'AGTAACCGCGGAGGCGGA', 'AGTAACCGCGGGGGCGGG', 'CGTGACCGCGGAGAG', 'TATGAGCGCGGAGGCGGG', 'CGTGACGATCAGCGCGGA', 'AGTAACCGCGGAGGCGGG', 'AGTGACCGCGGAGAG', 'TATGAGCGCGGAGGCGGA', 'AGTGACCGCGGAGGCGGA', 'CGTGACGATCAGCGCGGA', 'AGTGACCGCGGAGAT', 'TATGAGCGCGGAGGCGGA', 'AGTAACCGCGGAGGCGGG', 'CGTGACAATAAGCGCGGA', 'AGTGACCGCGGAGAT', 'TATGAGCGCGGAGGCGGG', 'CGTGACCGCGGAGGCGGA', 'AGTGACCGCGGAGAT', 'TATGAACGCGGAGGCGGA']",seq_22
hybrid,"['TATGAGCGCGGAGGCGGA', 'AGTGACCGCGGAGGCGGA', 'CGTGACAATAAGCGCGGA', 'AGTGACCGCGGAGAT', 'TATGAGCGCGGAGGCGGA', 'AGTAACCGCGGAGGCGGG', 'CGTGACCGCGGAGAC', 'TATGAGCGCGGAGGCGGG']",seq_23
random_motif,"['TATGAGCGCGGAGGCGGG', 'AGTGACCGCGGAGAT', 'CGTGAAGGCGGAGAC', 'CGTGACCGCGGAGGCGGA', 'AGTGACCGCGGAGGCGGA', 'TATGAGCGCGGAGGCGGG', 'AGTGACCGCGGAGGCGGG', 'AGTAACCGCGGAGGCGGA', 'AGTAACCGCGGAGGCGGG', 'AGTGACCGCGGAGGCGGA', 'AGTAACCGCGGAGGCGGG', 'AGTGACCGCGGAGAT', 'CGTGACAATAAGCGCGGA', 'AGTGACCGCGGAGAC', 'AGTAACCGCGGGGGCGGG', 'AGTAACCGCGGGGGCGGG', 'CGTGACCGCGGAGGCGGA', 'AGTAACCGCGGAGGCGGG', 'CGTGACCGCGGAGAG', 'AGTGACCGCGGAGAC']",seq_24
block_based,"['TATGAGCGCGGAGGCGGA', 'AGTAACCGCGGAGGCGGA', 'AGTAACCGCGGGGGCGGG', 'CGTGACCGCGGAGAG', 'TATGAGCGCGGAGGCGGA', 'CGTGACCGCGGAGGCGGA', 'CGTGACGATCAGCGCGGA', 'AGTGACCGCGGAGAT', 'TATGAACGCGGAGGCGGA', 'AGTAACCGCGGGGGCGGG', 'CGTGACGATCAGCGCGGA', 'AGTGACCGCGGAGAG', 'TATGAACGCGGAGGCGGA']",seq_25
hybrid,"['TATGAGCGCGGAGGCGGA', 'AGTGACCGCGGAGGCGGA', 'AGTAACCGCGGAGGCGGA', 'CGTGACCGCGGAGAC', 'TATGAGCGCGGAGGCGGA', 'AGTAACCGCGGGGGCGGA', 'AGTGACCGCGGAGAC', 'TATGAGCGCGGAGGCGGA', 'AGTAACCGCGGAGGCGGA', 'AGTGACCGCGGAGAT', 'TATGAGCGCGGAGGCGGA', 'AGTAACCGCGGAGGCGGG', 'CGTGACCGCGGAGGCGGA', 'CGTGAAGGCGGAGAC', 'TATGAGCGCGGAGGCGGA', 'AGTAACCGCGGAGGCGGG', 'CGTGACCGCGGAGAC', 'TATGAGCGCGGAGGCGGG']",seq_26
block_based,"['TATGAGCGCGGAGGCGGA', 'CGTGACCGCGGAGGCGGA', 'CGTGACCGCGGAGAC', 'TATGAACGCGGAGGCGGA', 'AGTGACCGCGGAGGCGGA', 'CGTGAAGGCGGAGAC', 'TATGAACGCGGAGGCGGA', 'AGTAACCGCGGGGGCGGG', 'AGTGACCGCGGAGAT', 'TATGAACGCGGAGGCGGA', 'AGTGACCGCGGAGGCGGG', 'AGTAACCGCGGGGGCGGA', 'CGTGACCGCGGAGAC', 'TATGAGCGCGGAGGCGGG', 'AGTAACCGCGGGGGCGGA', 'AGTGACCGCGGAGAG', 'TATGAACGCGGAGGCGGA']",seq_27
severe,"['TATGAGCGCGGAGGCGGA', 'CGTGACAATAAGCGCGGA', 'AGTAACCGCGGAGGCGGG', 'CGTGACCGCGGAGAC', 'TATGAGCGCGGAGGCGGA', 'AGTGACCGCGGAGGCGGA', 'AGTGACCGCGGAGGCGGA', 'CGTGACCGCGGAGAC', 'TATGAACGCGGAGGCGGA', 'AGTAACCGCGGAGGCGGA', 'AGTAACCGCGGAGGCGGA', 'CGTGACCGCGGAGAC', 'TATGAGCGCGGAGGCGGA', 'AGTAACCGCGGGGGCGGA', 'AGTGACCGCGGAGAC', 'TATGAGCGCGGAGGCGGA', 'AGTAACCGCGGAGGCGGA', 'AGTGACCGCGGAGAT', 'TATGAGCGCGGAGGCGGA', 'AGTAACCGCGGAGGCGGG', 'AGTAACCGCGGAGGCGGG', 'CGTGACCGCGGAGAC', 'TATGAGCGCGGAGGCGGA', 'AGTGACCGCGGAGGCGGA', 'AGTGACCGCGGAGGCGGA', 'CGTGACCGCGGAGAC', 'TATGAACGCGGAGGCGGA', 'AGTAACCGCGGAGGCGGA', 'AGTAACCGCGGAGGCGGA', 'CGTGACCGCGGAGAC', 'TATGAGCGCGGAGGCGGA', 'AGTAACCGCGGGGGCGGA', 'AGTGACCGCGGAGAC', 'TATGAGCGCGGAGGCGGA', 'AGTAACCGCGGAGGCGGA', 'AGTGACCGCGGAGAT', 'TATGAGCGCGGAGGCGGA', 'AGTAACCGCGGAGGCGGG', 'CGTGACCGCGGAGGCGGA', 'CGTGAAGGCGGAGAC', 'TATGAGCGCGGAGGCGGA', 'AGTAACCGCGGAGGCGGG', 'CGTGACCGCGGAGAC', 'TATGAGCGCGGAGGCGGG']",seq_28
real,"['TATGAGCGCGGAGGCGGA', 'CGTGACAATAAGCGCGGA', 'AGTAACCGCGGAGGCGGG', 'CGTGACCGCGGAGAC', 'TATGAGCGCGGAGGCGGA', 'AGTGACCGCGGAGGCGGA', 'AGTGACCGCGGAGGCGGA', 'CGTGACCGCGGAGAC', 'TATGAACGCGGAGGCGGA', 'AGTAACCGCGGAGGCGGA', 'AGTAACCGCGGAGGCGGA', 'CGTGACCGCGGAGAC', 'TATGAGCGCGGAGGCGGA', 'AGTAACCGCGGGGGCGGA', 'AGTGACCGCGGAGAC', 'TATGAGCGCGGAGGCGGA', 'AGTAACCGCGGAGGCGGA', 'AGTGACCGCGGAGAT', 'TATGAGCGCGGAGGCGGA', 'AGTAACCGCGGAGGCGGG', 'CGTGACCGCGGAGGCGGA', 'CGTGAAGGCGGAGAC', 'TATGAGCGCGGAGGCGGA', 'AGTAACCGCGGAGGCGGG', 'CGTGACCGCGGAGAC', 'TATGAGCGCGGAGGCGGG']",seq_29
hybrid,"['TATGAGCGCGGAGGCGGA', 'AGTGACCGCGGAGGCGGA', 'CGTGACAATAAGCGCGGA', 'AGTAACCGCGGAGGCGGA', 'AGTGACCGCGGAGAT', 'TATGAGCGCGGAGGCGGA', 'AGTAACCGCGGAGGCGGA', 'CGTGAAGGCGGAGAC', 'TATGAGCGCGGAGGCGGA', 'AGTAACCGCGGAGGCGGG', 'CGTGACCGCGGAGAC', 'CGTGACCGCGGAGAG', 'TATGAGCGCGGAGGCGGA', 'AGTAACCGCGGGGGCGGA', 'AGTGACCGCGGAGAG', 'TATGAGCGCGGAGGCGGA', 'AGTAACCGCGGAGGCGGA', 'CGTGAAGGCGGAGAC', 'TATGAGCGCGGAGGCGGG', 'AGTAACCGCGGGGGCGGA', 'AGTGACCGCGGAGAG', 'TATGAGCGCGGAGGCGGA', 'AGTAACCGCGGAGGCGGA', 'AGTAACCGCGGAGGCGGA', 'CGTGACCGCGGAGAC', 'TATGAGCGCGGAGGCGGG']",seq_30
severe,"['TATGAACGCGGAGGCGGA', 'CGTGACGATCAGCGCGGA', 'CGTGACGATCAGCGCGGA', 'CGTGACCGCGGAGAC', 'TATGAACGCGGAGGCGGA', 'AGTAACCGCGGGGGCGGG', 'AGTGACCGCGGAGGCGGA', 'AGTGACCGCGGAGAG', 'TATGAGCGCGGAGGCGGA', 'AGTGACCGCGGAGGCGGG', 'CGTGAAGGCGGAGAC', 'TATGAACGCGGAGGCGGA', 'AGTAACCGCGGAGGCGGG', 'CGTGACCGCGGAGAG', 'TATGAACGCGGAGGCGGA', 'AGTAACCGCGGGGGCGGA', 'AGTGACCGCGGAGAT', 'TATGAGCGCGGAGGCGGG', 'AGTAACCGCGGGGGCGGA', 'CGTGACCGCGGAGGCGGA', 'CGTGAAGGCGGAGAC', 'TATGAGCGCGGAGGCGGA']",seq_31
severe,"['TATGAGCGCGGAGGCGGA', 'AGTGACCGCGGAGGCGGG', 'AGTGACCGCGGAGAC', 'CGTGACCGCGGAGAC', 'AGTAACCGCGGGGGCGGG', 'CGTGACAATAAGCGCGGA', 'AGTGACCGCGGAGAG', 'CGTGACCGCGGAGAG', 'AGTGACCGCGGAGGCGGA', 'CGTGACGATCAGCGCGGA', 'AGTGACCGCGGAGAT', 'AGTAACCGCGGAGGCGGA', 'AGTAACCGCGGAGGCGGA', 'AGTGACCGCGGAGAC', 'CGTGACCGCGGAGGCGGA', 'CGTGACCGCGGAGAG', 'AGTGACCGCGGAGGCGGG', 'AGTGACCGCGGAGAG', 'TATGAACGCGGAGGCGGA', 'TATGAGCGCGGAGGCGGA']",seq_32
severe,"['CGTGACCGCGGAGGCGGA', 'TATGAGCGCGGAGGCGGA', 'TATGAGCGCGGAGGCGGA', 'TATGAGCGCGGAGGCGGA', 'AGTGACCGCGGAGGCGGG', 'TATGAACGCGGAGGCGGA', 'CGTGACCGCGGAGGCGGA', 'AGTAACCGCGGGGGCGGA', 'AGTGACCGCGGAGAC', 'AGTGACCGCGGAGAG', 'AGTAACCGCGGAGGCGGA']",seq_33
hybrid,"['TATGAGCGCGGAGGCGGA', 'AGTGACCGCGGAGGCGGG', 'CGTGACCGCGGAGAC', 'TATGAACGCGGAGGCGGA', 'AGTAACCGCGGAGGCGGA', 'AGTAACCGCGGAGGCGGA', 'AGTAACCGCGGAGGCGGA', 'CGTGACAATAAGCGCGGA', 'AGTAACCGCGGAGGCGGG', 'CGTGACCGCGGAGAC', 'TATGAGCGCGGAGGCGGA', 'AGTGACCGCGGAGGCGGA', 'AGTGACCGCGGAGGCGGA', 'CGTGACCGCGGAGAC', 'TATGAACGCGGAGGCGGA', 'AGTAACCGCGGAGGCGGA', 'AGTAACCGCGGAGGCGGA', 'CGTGACCGCGGAGAC', 'TATGAGCGCGGAGGCGGA', 'AGTAACCGCGGGGGCGGA', 'AGTGACCGCGGAGAC', 'TATGAGCGCGGAGGCGGA', 'AGTAACCGCGGAGGCGGA', 'AGTGACCGCGGAGAT', 'TATGAGCGCGGAGGCGGA', 'AGTAACCGCGGAGGCGGG', 'CGTGACCGCGGAGGCGGA', 'CGTGAAGGCGGAGAC', 'TATGAGCGCGGAGGCGGA', 'AGTAACCGCGGAGGCGGG', 'CGTGACCGCGGAGAC', 'TATGAGCGCGGAGGCGGG']",seq_34
random_motif,"['TATGAGCGCGGAGGCGGA', 'AGTGACCGCGGAGGCGGA', 'AGTAACCGCGGAGGCGGA', 'CGTGACCGCGGAGAG', 'TATGAACGCGGAGGCGGA', 'TATGAGCGCGGAGGCGGG', 'AGTGACCGCGGAGGCGGG', 'AGTAACCGCGGAGGCGGA', 'CGTGACGATCAGCGCGGA', 'AGTAACCGCGGGGGCGGA', 'CGTGACCGCGGAGAG', 'AGTAACCGCGGGGGCGGG', 'AGTGACCGCGGAGGCGGG', 'AGTGACCGCGGAGGCGGG', 'TATGAGCGCGGAGGCGGA', 'AGTAACCGCGGGGGCGGG', 'TATGAACGCGGAGGCGGA', 'AGTGACCGCGGAGAG', 'CGTGAAGGCGGAGAC', 'TATGAGCGCGGAGGCGGA', 'AGTAACCGCGGGGGCGGG', 'CGTGACGATCAGCGCGGA']",seq_35
severe,"['TATGAGCGCGGAGGCGGA', 'CGTGACAATAAGCGCGGA', 'AGTAACCGCGGAGGCGGG', 'CGTGACCGCGGAGAC', 'TATGAGCGCGGAGGCGGA', 'AGTGACCGCGGAGGCGGA', 'AGTGACCGCGGAGGCGGA', 'CGTGACCGCGGAGAC', 'TATGAACGCGGAGGCGGA', 'AGTAACCGCGGAGGCGGA', 'AGTAACCGCGGAGGCGGA', 'CGTGACCGCGGAGAC', 'TATGAGCGCGGAGGCGGA', 'AGTAACCGCGGGGGCGGA', 'AGTGACCGCGGAGAC', 'TATGAGCGCGGAGGCGGA', 'AGTAACCGCGGAGGCGGA', 'AGTGACCGCGGAGAT', 'TATGAGCGCGGAGGCGGA', 'AGTAACCGCGGAGGCGGG', 'CGTGACCGCGGAGGCGGA', 'CGTGAAGGCGGAGAC', 'TATGAGCGCGGAGGCGGA', 'AGTAACCGCGGAGGCGGG', 'CGTGACCGCGGAGAC', 'TATGAGCGCGGAGGCGGG']",seq_36
block_based,"['TATGAGCGCGGAGGCGGG', 'AGTAACCGCGGAGGCGGA', 'AGTAACCGCGGGGGCGGA', 'CGTGAAGGCGGAGAC', 'TATGAGCGCGGAGGCGGA']",seq_37
real,"['TATGAGCGCGGAGGCGGA', 'AGTGACCGCGGAGGCGGG', 'CGTGACCGCGGAGAC', 'TATGAACGCGGAGGCGGA', 'AGTAACCGCGGAGGCGGA', 'AGTAACCGCGGAGGCGGA', 'AGTAACCGCGGAGGCGGA', 'AGTAACCGCGGAGGCGGA', 'CGTGACCGCGGAGAC', 'TATGAGCGCGGAGGCGGA', 'AGTAACCGCGGGGGCGGA', 'AGTGACCGCGGAGAC', 'TATGAGCGCGGAGGCGGA', 'AGTGACCGCGGAGGCGGA', 'CGTGACCGCGGAGAC', 'TATGAGCGCGGAGGCGGA', 'AGTAACCGCGGGGGCGGA', 'AGTAACCGCGGAGGCGGA', 'CGTGAAGGCGGAGAC', 'TATGAGCGCGGAGGCGGA', 'AGTAACCGCGGAGGCGGA', 'CGTGACCGCGGAGAC', 'TATGAGCGCGGAGGCGGG']",seq_38
severe,"['TATGAACGCGGAGGCGGA', 'CGTGACGATCAGCGCGGA', 'AGTGACCGCGGAGAG', 'TATGAGCGCGGAGGCGGG', 'AGTGACCGCGGAGGCGGG', 'AGTGACCGCGGAGGCGGA', 'CGTGACCGCGGAGAG', 'TATGAGCGCGGAGGCGGG']",seq_39
severe,"['TATGAACGCGGAGGCGGA', 'AGTAACCGCGGAGGCGGG', 'AGTGACCGCGGAGGCGGA', 'AGTGACCGCGGAGAT', 'TATGAGCGCGGAGGCGGG', 'AGTAACCGCGGGGGCGGA', 'AGTAACCGCGGGGGCGGA', 'AGTGACCGCGGAGAG', 'TATGAGCGCGGAGGCGGA', 'CGTGACAATAAGCGCGGA', 'CGTGACGATCAGCGCGGA', 'CGTGAAGGCGGAGAC', 'TATGAGCGCGGAGGCGGG', 'AGTAACCGCGGGGGCGGA', 'CGTGACAATAAGCGCGGA', 'CGTGACCGCGGAGAC', 'TATGAACGCGGAGGCGGA', 'AGTGACCGCGGAGGCGGA', 'AGTGACCGCGGAGAT', 'TATGAGCGCGGAGGCGGA']",seq_40
severe,"['TATGAGCGCGGAGGCGGG', 'AGTGACCGCGGAGGCGGA', 'CGTGACGATCAGCGCGGA', 'CGTGACCGCGGAGAG', 'TATGAGCGCGGAGGCGGA', 'AGTAACCGCGGGGGCGGA', 'CGTGACCGCGGAGAC', 'TATGAGCGCGGAGGCGGA', 'AGTAACCGCGGGGGCGGG', 'AGTGACCGCGGAGGCGGG', 'CGTGACCGCGGAGAC', 'TATGAGCGCGGAGGCGGA']",seq_41
severe,"['TATGAGCGCGGAGGCGGA', 'AGTGACCGCGGAGGCGGA', 'CGTGACCGCGGAGAC', 'TATGAACGCGGAGGCGGA', 'AGTAACCGCGGAGGCGGA', 'AGTAACCGCGGAGGCGGA', 'CGTGACCGCGGAGAC', 'TATGAGCGCGGAGGCGGA', 'AGTAACCGCGGGGGCGGA', 'AGTGACCGCGGAGAC', 'TATGAGCGCGGAGGCGGA', 'AGTAACCGCGGAGGCGGA', 'AGTAACCGCGGAGGCGGA', 'AGTGACCGCGGAGAC', 'TATGAGCGCGGAGGCGGA', 'AGTAACCGCGGAGGCGGA', 'AGTAACCGCGGAGGCGGA', 'CGTGAAGGCGGAGAC', 'TATGAGCGCGGAGGCGGA', 'AGTAACCGCGGAGGCGGG']",seq_42
severe,"['AGTAACCGCGGAGGCGGA', 'TATGAGCGCGGAGGCGGG', 'AGTAACCGCGGAGGCGGG', 'AGTGACCGCGGAGAT', 'AGTGACCGCGGAGAC', 'AGTGACCGCGGAGGCGGA', 'AGTGACCGCGGAGGCGGA', 'CGTGACCGCGGAGAG']",seq_43
full_random,['X'],seq_44
severe,"['TATGAGCGCGGAGGCGGA', 'AGTGACCGCGGAGGCGGA', 'CGTGACAATAAGCGCGGA', 'AGTGACCGCGGAGAC', 'TATGAGCGCGGAGGCGGA', 'AGTGACCGCGGAGGCGGA', 'AGTAACCGCGGGGGCGGA', 'AGTGACCGCGGAGAC', 'TATGAGCGCGGAGGCGGA', 'AGTAACCGCGGGGGCGGA', 'AGTAACCGCGGAGGCGGA', 'AGTGACCGCGGAGAC', 'TATGAGCGCGGAGGCGGA', 'AGTAACCGCGGGGGCGGA', 'AGTGACCGCGGAGAC', 'TATGAGCGCGGAGGCGGA', 'AGTAACCGCGGGGGCGGA', 'AGTAACCGCGGGGGCGGA', 'AGTAACCGCGGAGGCGGA', 'CGTGAAGGCGGAGAC', 'TATGAGCGCGGAGGCGGA', 'AGTAACCGCGGAGGCGGG', 'CGTGACCGCGGAGAC', 'TATGAGCGCGGAGGCGGG']",seq_45
block_based,"['TATGAGCGCGGAGGCGGG', 'AGTAACCGCGGAGGCGGG', 'AGTAACCGCGGAGGCGGA', 'CGTGACCGCGGAGAC', 'TATGAGCGCGGAGGCGGA', 'CGTGACCGCGGAGGCGGA', 'CGTGACCGCGGAGAC', 'TATGAGCGCGGAGGCGGA', 'AGTAACCGCGGGGGCGGG', 'CGTGAAGGCGGAGAC', 'TATGAGCGCGGAGGCGGA', 'AGTGACCGCGGAGGCGGG', 'AGTAACCGCGGAGGCGGG', 'CGTGACCGCGGAGAC', 'TATGAGCGCGGAGGCGGG', 'AGTAACCGCGGGGGCGGG', 'AGTAACCGCGGGGGCGGG', 'AGTGACCGCGGAGAT', 'TATGAACGCGGAGGCGGA', 'AGTAACCGCGGGGGCGGG', 'CGTGACGATCAGCGCGGA', 'AGTGACCGCGGAGAG', 'TATGAACGCGGAGGCGGA']",seq_46
real,"['TATGAGCGCGGAGGCGGA', 'AGTGACCGCGGAGGCGGG', 'CGTGACCGCGGAGAC', 'TATGAACGCGGAGGCGGA', 'AGTAACCGCGGAGGCGGA', 'AGTAACCGCGGAGGCGGA', 'AGTAACCGCGGAGGCGGA', 'AGTAACCGCGGAGGCGGA', 'CGTGACCGCGGAGAC', 'TATGAGCGCGGAGGCGGA', 'AGTAACCGCGGGGGCGGA', 'AGTGACCGCGGAGAC', 'TATGAGCGCGGAGGCGGA', 'AGTGACCGCGGAGGCGGA', 'CGTGACCGCGGAGAC', 'TATGAGCGCGGAGGCGGA', 'AGTAACCGCGGGGGCGGA', 'AGTAACCGCGGAGGCGGA', 'CGTGAAGGCGGAGAC', 'TATGAGCGCGGAGGCGGA', 'AGTAACCGCGGAGGCGGA', 'CGTGACCGCGGAGAC', 'TATGAGCGCGGAGGCGGG']",seq_47
random_motif,"['CGTGACCGCGGAGGCGGA', 'TATGAGCGCGGAGGCGGG', 'AGTAACCGCGGAGGCGGA', 'CGTGACGATCAGCGCGGA', 'TATGAACGCGGAGGCGGA', 'TATGAACGCGGAGGCGGA', 'AGTGACCGCGGAGGCGGA', 'CGTGACCGCGGAGAG', 'AGTAACCGCGGAGGCGGA', 'AGTAACCGCGGAGGCGGA', 'CGTGACGATCAGCGCGGA', 'AGTGACCGCGGAGAG', 'AGTGACCGCGGAGGCGGA', 'AGTAACCGCGGAGGCGGA', 'TATGAGCGCGGAGGCGGG', 'AGTAACCGCGGGGGCGGA', 'CGTGACCGCGGAGAG', 'CGTGACCGCGGAGAC', 'AGTGACCGCGGAGAG', 'AGTAACCGCGGGGGCGGA', 'AGTAACCGCGGGGGCGGA', 'CGTGACCGCGGAGAG', 'TATGAGCGCGGAGGCGGG', 'CGTGAAGGCGGAGAC', 'TATGAACGCGGAGGCGGA', 'AGTGACCGCGGAGAC', 'TATGAGCGCGGAGGCGGG']",seq_48
real,"['TATGAGCGCGGAGGCGGA', 'AGTGACCGCGGAGGCGGA', 'CGTGACAATAAGCGCGGA', 'AGTAACCGCGGAGGCGGA', 'AGTGACCGCGGAGAT', 'TATGAGCGCGGAGGCGGA', 'AGTAACCGCGGAGGCGGA', 'CGTGAAGGCGGAGAC', 'TATGAGCGCGGAGGCGGA', 'AGTAACCGCGGAGGCGGG', 'CGTGACCGCGGAGAC', 'TATGAGCGCGGAGGCGGA', 'AGTAACCGCGGAGGCGGG', 'CGTGACCGCGGAGAC', 'TATGAGCGCGGAGGCGGA', 'AGTAACCGCGGGGGCGGA', 'AGTGACCGCGGAGAG', 'TATGAGCGCGGAGGCGGA', 'AGTAACCGCGGAGGCGGA', 'AGTGACCGCGGAGAT', 'TATGAGCGCGGAGGCGGA', 'AGTAACCGCGGAGGCGGG', 'CGTGACCGCGGAGAC', 'TATGAGCGCGGAGGCGGG']",seq_49
full_random,['X'],seq_50